Position,Company,Location,URL
웹 프론트앤드 (React) 개발자의 전체 세부 정보,링글잉글리시에듀케이션서비스,서울 서초구,https://kr.indeed.com/rc/clk?jk=28f5a8de0166b1af&fccid=f8de7ed2d48b073e&vjs=3
[리얼클래스]프론트엔드 개발자(Frontend Developer  React)의 전체 세부 정보,퀄슨,서울 강남구,https://kr.indeed.com/rc/clk?jk=f0f8aacfe14c4320&fccid=868600ac897032bf&vjs=3
스타트업 신입 웹개발자 (Vue  React  javascript 가능자 우대)의 전체 세부 정보,프로텍트,서울 강서구,https://kr.indeed.com/rc/clk?jk=defe68b5d5c8e107&fccid=7ed9c2952dcc7658&vjs=3
Frontend 개발자의 전체 세부 정보,플리토,서울 강남구,https://kr.indeed.com/rc/clk?jk=cb85566aedd4d1cf&fccid=01aed038bcce2a5f&vjs=3
Marketing Manager의 전체 세부 정보,AirAsia,인천,https://kr.indeed.com/rc/clk?jk=8ee92a4bd93438f0&fccid=350f4541eb63ccf6&vjs=3
(다댐 앱) 앱/웹 경력 개발자의 전체 세부 정보,링크캠퍼스,광주 동구,https://kr.indeed.com/rc/clk?jk=77446beeff764c0e&fccid=89d494f1287eb583&vjs=3
[피파퍼블리싱그룹] 웹 프론트엔드 개발자의 전체 세부 정보,Nexon,경기도 성남,https://kr.indeed.com/rc/clk?jk=9860426b7794a1cd&fccid=aba87288e4cc3687&vjs=3
[신입/경력] 백앤드/프론트앤드 개발자의 전체 세부 정보,포에스텍,서울 성동구,https://kr.indeed.com/rc/clk?jk=0c6d2dbaa9d96000&fccid=3476005418c1964d&vjs=3
[IN] React Front-end Engineer의 전체 세부 정보,올거나이즈코리아,서울 강남구,https://kr.indeed.com/rc/clk?jk=ab59d443ad2e1664&fccid=707decd4d5b2755e&vjs=3
[양재역] 백엔드(Node.js Typescript React)의 전체 세부 정보,시니어앤파트너즈,서울 서초구,https://kr.indeed.com/rc/clk?jk=cc4772cda7471e1e&fccid=59060ddcdf96b101&vjs=3
css  웹퍼블리셔(HTML코딩) 외 경력 정규직의 전체 세부 정보,에이피서비스,서울 강남구,https://kr.indeed.com/rc/clk?jk=2dbe4c7e2066d839&fccid=561d63cf81871305&vjs=3
플랫폼 프론트엔드 개발자 (React)를 모십니다.의 전체 세부 정보,(주)휴톰 관심기업,서울 대흥동,https://kr.indeed.com/rc/clk?jk=68fa2e8f6b62e92a&fccid=667cf6cbd3cba549&vjs=3
리액트 개발자의 전체 세부 정보,모비온즈미디어,서울 강남구,https://kr.indeed.com/rc/clk?jk=e2bf1e47462d2bb0&fccid=ecaa0cca2e60c4c4&vjs=3
프런트 엔드 (WEB) 개발자 (Javascript  jQuery  Vue.js)의 전체 세부 정보,스페이스코어,창원 마산회원구,https://kr.indeed.com/rc/clk?jk=878efbce88bce7e5&fccid=d2739ccd792ec505&vjs=3
프론트엔드 개발의 전체 세부 정보,NHN DATA,성남 판교역,https://kr.indeed.com/rc/clk?jk=e764b919165b8d3e&fccid=cc378bd7bc831eca&vjs=3
프론트엔드 리액트 개발자 React Developer의 전체 세부 정보,콜라보그라운드,서울 마포구,https://kr.indeed.com/rc/clk?jk=79ae68ab38930415&fccid=328fd7f0dadb77a2&vjs=3
(주) 패스트림 React 웹 개발자의 전체 세부 정보,패스트림,서울 서초구,https://kr.indeed.com/rc/clk?jk=ccce757f9470d07d&fccid=e9d4861e38b26c44&vjs=3
Frontend Developer (React)의 전체 세부 정보,키클롭스,서울 성동구,https://kr.indeed.com/rc/clk?jk=39b0d9c820bf86f5&fccid=a1c1744dd6fb39c1&vjs=3
프론트엔드  웹개발 신입/경력의 전체 세부 정보,피소프트(P Soft),서울 강남구,https://kr.indeed.com/rc/clk?jk=46381fce0ecf523c&fccid=24957b80d5bd4677&vjs=3
인프라칩과 함께하는 프론트엔드(Vue  React) 경력개발자의 전체 세부 정보,인프라칩,경기도 하남,https://kr.indeed.com/rc/clk?jk=21ede5a95c955543&fccid=81b0da6ed88034f8&vjs=3
프론트엔드 신입 정규직의 전체 세부 정보,엠아이솔루션,대전 유성구,https://kr.indeed.com/rc/clk?jk=4286cf2792adff12&fccid=17164eb61dc096d8&vjs=3
프론트엔드 개발자 (Frontend Engineer)의 전체 세부 정보,모노리스제주파크,제주 제주시,https://kr.indeed.com/rc/clk?jk=9f41d59212b31aba&fccid=c8c39fbc0c30eb9e&vjs=3
[KREAM] 파트너센터 Frontend 개발자의 전체 세부 정보,크림,성남 분당구,https://kr.indeed.com/rc/clk?jk=4ae56fa149b90b3a&fccid=146c028635667214&vjs=3
React Native 개발자 정중히의 전체 세부 정보,모나스벤타나,서울 성동구,https://kr.indeed.com/rc/clk?jk=d6a46c82fa68c70d&fccid=f636443320995cca&vjs=3
프론트엔드(Front-end) 개발자님 정중히 (react-native)의 전체 세부 정보,위솝,서울 마포구,https://kr.indeed.com/rc/clk?jk=b226536a79e18737&fccid=17a370bb75419be0&vjs=3
[신입/경력] 프론트엔드 개발 (html외2 부문 정규직 모집의 전체 세부 정보,(주)원더온 관심기업,서울 성수동1가,https://kr.indeed.com/rc/clk?jk=56e6e827298d33b6&fccid=62a316a4088ad7de&vjs=3
Engineering Team Leader의 전체 세부 정보,Remote Technology  Inc.,서울,https://kr.indeed.com/rc/clk?jk=2337f704b518e053&fccid=55bfdb22b1429971&vjs=3
품질시스템 React 개발/운영 부문 경력의 전체 세부 정보,현대오토에버,서울 강남구,https://kr.indeed.com/rc/clk?jk=ccfa1adf213dc0cf&fccid=d5a22a3e93377742&vjs=3
프론트엔드 개발자 (경력)의 전체 세부 정보,자버,서울 마포구,https://kr.indeed.com/rc/clk?jk=61678697190dbe0d&fccid=24bf9d1ffd205871&vjs=3
크로켓 [웹 프론트엔드 개발자] 찾아요의 전체 세부 정보,와이오엘오,서울 마포구,https://kr.indeed.com/rc/clk?jk=f2c59e9d07616efb&fccid=7e79c2859e3bfb66&vjs=3
[경력] LFmall 상품 Front-End 개발의 전체 세부 정보,LF(구 LG패션),서울 강남구,https://kr.indeed.com/rc/clk?jk=8d415fda9be19093&fccid=277420ebbc0e609a&vjs=3
프론트엔드 엔지니어 - React의 전체 세부 정보,버핏서울,서울 강남구,https://kr.indeed.com/rc/clk?jk=f436befc49204101&fccid=f6e11646ad07e7de&vjs=3
Web 시스템 개발/운영[경력]의 전체 세부 정보,현대자동차그룹,대한민국,https://kr.indeed.com/rc/clk?jk=61a4db9f1ec5b549&fccid=980d6ecc399a3373&vjs=3
지식콘텐츠 전문기업(매출 135억) 개발운영팀장의 전체 세부 정보,인파트너스,서울 마포구,https://kr.indeed.com/rc/clk?jk=286c66ccb2bf4c7c&fccid=e65c7a7fd4f89d1c&vjs=3
[이천/기흥/구미/아산] 웹 프론트엔드 (Vue.js  React)의 전체 세부 정보,시니어앤파트너즈,경기도 이천,https://kr.indeed.com/rc/clk?jk=62f33b74e336e95a&fccid=59060ddcdf96b101&vjs=3
웹개발  백엔드 외 경력 정규직의 전체 세부 정보,아이티엔제이,울산 남구,https://kr.indeed.com/rc/clk?jk=7dbaa95d22eacd29&fccid=e2652b7e13d4cb4d&vjs=3
프론트엔드 개발자 모집의 전체 세부 정보,카룸 관심기업,대한민국,https://kr.indeed.com/rc/clk?jk=43bdfb82d53ba911&fccid=988826bf8a01394b&vjs=3
[마켓오브메테리얼] Web Front-end Engineer의 전체 세부 정보,마켓오브메테리얼,성남 수정구,https://kr.indeed.com/rc/clk?jk=eb49c2463803cf10&fccid=606aec63eb72f6c0&vjs=3
Software Engineer Intern - Korea의 전체 세부 정보,MOLOCO,서울 강남구,https://kr.indeed.com/rc/clk?jk=c2f271fbd2fa95e7&fccid=6588d205440cdcb9&vjs=3
웹개발  프론트엔드 외 신입/경력 정규직의 전체 세부 정보,아트맵,대구 북구,https://kr.indeed.com/rc/clk?jk=c7bfe01c5679b8c8&fccid=d66b60a88c4cdb83&vjs=3
전산(개발) 경력직원 선발 안내의 전체 세부 정보,법무법인(유한)태평양,서울 종로구,https://kr.indeed.com/rc/clk?jk=f27f088993cf37e5&fccid=fe163a9ac898b15e&vjs=3
PM  JAVA 외 신입/경력의 전체 세부 정보,에이블스토어,서울 영등포구,https://kr.indeed.com/rc/clk?jk=660c099577411cda&fccid=99beb1e8af7ed1d8&vjs=3
S/W 개발자의 전체 세부 정보,주신에이브이티,경기도 하남,https://kr.indeed.com/rc/clk?jk=bc19312f2f3b6657&fccid=d2b8a76a03536378&vjs=3
[판교] 연구개발(프론트엔드 백엔드)의 전체 세부 정보,시니어앤파트너즈,성남 분당구,https://kr.indeed.com/rc/clk?jk=6e67b47159bc2684&fccid=59060ddcdf96b101&vjs=3
웹 백엔드 개발자 (신입 / 경력)의 전체 세부 정보,이지원,안산 단원구,https://kr.indeed.com/rc/clk?jk=d318983023d2ed77&fccid=0aace51231efeead&vjs=3
[KR] 리액트 프론트엔드 엔지니어의 전체 세부 정보,올거나이즈코리아,서울 강남구,https://kr.indeed.com/rc/clk?jk=3e861551601a931b&fccid=707decd4d5b2755e&vjs=3
[성동구] 웹 프론트엔드(React  Redux)의 전체 세부 정보,시니어앤파트너즈,서울 성동구,https://kr.indeed.com/rc/clk?jk=ff429d97c74dbeef&fccid=59060ddcdf96b101&vjs=3
합리적으로 일하는 청년스타트업 개발자의 전체 세부 정보,데이터히어로즈,서울 양천구,https://kr.indeed.com/rc/clk?jk=be63196e98446435&fccid=b8895c251d3e04a1&vjs=3
[일진C&S] 모바일개발 경력사원의 전체 세부 정보,일진씨앤에스,서울 마포구,https://kr.indeed.com/rc/clk?jk=4cbf9a7a91d95b6e&fccid=9fa76e840cc90bc6&vjs=3
Software Engineering Manager의 전체 세부 정보,Cognex Corporation,서울,https://kr.indeed.com/rc/clk?jk=c0c94595bea86d18&fccid=10262ed586a63244&vjs=3
웹개발자(Java React  Vue  api)  포항 광양 근무가능의 전체 세부 정보,네이처아이,포항 남구,https://kr.indeed.com/rc/clk?jk=fdabd9a6198d9699&fccid=4a45c004143471f1&vjs=3
React Native/React.js 개발자의 전체 세부 정보,에이치랩,서울 금천구,https://kr.indeed.com/rc/clk?jk=d89bee33eb6a66b7&fccid=8aeaaa8ca6867ca8&vjs=3
JR0192526 SW engineer intern의 전체 세부 정보,인텔코리아,서울,https://kr.indeed.com/rc/clk?jk=83f4939522ffaa68&fccid=ded06d6a6799d929&vjs=3
Back-end Developer의 전체 세부 정보,텔로스,전주 완산구,https://kr.indeed.com/rc/clk?jk=56380bdff6a96f6e&fccid=49b224906248f087&vjs=3
Front-end Developer의 전체 세부 정보,텔로스,전주 완산구,https://kr.indeed.com/rc/clk?jk=dd17aeda21531ff0&fccid=49b224906248f087&vjs=3
[프론트 개발자] 경력직 정규직의 전체 세부 정보,인테리어티쳐,서울 서초구,https://kr.indeed.com/rc/clk?jk=7ad81c0f46823d2d&fccid=b0cfd2a918877ad9&vjs=3
백앤드 개발자의 전체 세부 정보,베이글코드,서울 강남구,https://kr.indeed.com/rc/clk?jk=193a704c296d1f97&fccid=c8d68a4a912ede1d&vjs=3
[Migaloo (NFT Metaverse)] Backoffice Front-end Programmer의 전체 세부 정보,크래프톤,서울 서초구,https://kr.indeed.com/rc/clk?jk=a3b0703be86d5ee5&fccid=0aeb279b74dee723&vjs=3
[국민취업지원제도 일경험] 프론트엔드 개발자의 전체 세부 정보,와이엠에스닷코,서울 강서구,https://kr.indeed.com/rc/clk?jk=2251842ec5ba9f2a&fccid=9256bc8cadc10ba5&vjs=3
.NET  C#  React  프론트엔드  백엔드 신입/경력 정규직의 전체 세부 정보,디포커스,서울 성동구,https://kr.indeed.com/rc/clk?jk=d32c39cd2f3c0f33&fccid=94cb52fcbb33911f&vjs=3
React Native App 개발자의 전체 세부 정보,한화비전,성남 분당구,https://kr.indeed.com/rc/clk?jk=935feea0ee7ba5fc&fccid=3053bb73bbf4598d&vjs=3
프론트엔드 개발자  백엔드 개발자 중의 전체 세부 정보,로드윌,대전광역시,https://kr.indeed.com/rc/clk?jk=adcedcfe93437ce1&fccid=dfbb25d823af0f88&vjs=3
상시지원 (Software Engineer)의 전체 세부 정보,Riiid Labs,서울,https://kr.indeed.com/rc/clk?jk=d6d827bd48a88195&fccid=933989f3b0ffe928&vjs=3
[퍼블리싱라이브본부] 퍼블리싱웹팀 프론트엔드 개발자의 전체 세부 정보,Nexon,경기도 성남,https://kr.indeed.com/rc/clk?jk=29fa8f1caf6bd27b&fccid=aba87288e4cc3687&vjs=3
Senior Consultant Engineer for Advanced Process Modelling Work - SPSE의 전체 세부 정보,Siemens Process Systems Engineering Limited,대전,https://kr.indeed.com/rc/clk?jk=6ca5866579f7354a&fccid=dd616958bd9ddc12&vjs=3
(주)마이헨지 웹개발 경력직 (정규직)의 전체 세부 정보,마이헨지,서울 금천구,https://kr.indeed.com/rc/clk?jk=d514fe199eb85ef9&fccid=664da434b13a6dc4&vjs=3
Network Operations Engineer의 전체 세부 정보,Harman International,서울,https://kr.indeed.com/rc/clk?jk=9ad578b2614d8501&fccid=4faf342d2307e9ed&vjs=3
S/W 엔지니어 신입/경력의 전체 세부 정보,시너지에이아이,서울 강서구,https://kr.indeed.com/rc/clk?jk=682491f6d92f41c1&fccid=3a055c6cfe0fec14&vjs=3
[비즈하우스] React Native 개발자의 전체 세부 정보,미리디,서울 구로구,https://kr.indeed.com/rc/clk?jk=de0050c9e951c5b8&fccid=4cb72ca574a6bab7&vjs=3
앱 (React native) 개발자의 전체 세부 정보,링글잉글리시에듀케이션서비스,서울 서초구,https://kr.indeed.com/rc/clk?jk=e501c5537ed71e42&fccid=f8de7ed2d48b073e&vjs=3
[신입/경력] 모바일앱/서버/블록체인 개발직군 정규직의 전체 세부 정보,블랍스,서울 서초구,https://kr.indeed.com/rc/clk?jk=08f89e942c7621c4&fccid=7f161a41d9bc8cfc&vjs=3
[인텔리전스랩스] 플랫폼 웹프론트엔드팀 프론트엔드 개발자의 전체 세부 정보,Nexon,경기도 성남,https://kr.indeed.com/rc/clk?jk=7bf4c2d891120189&fccid=aba87288e4cc3687&vjs=3
백엔드 웹 개발자 Back-end Developer의 전체 세부 정보,인텔리코리아,서울 금천구,https://kr.indeed.com/rc/clk?jk=ee1802a0cf57d159&fccid=16ab77ef5888e778&vjs=3
[인공지능기업] 머신러닝 병역특례 전문연구요원의 전체 세부 정보,딥브레인에이아이,서울,https://kr.indeed.com/rc/clk?jk=28cb699ec609130e&fccid=302172cb32d33ddc&vjs=3
Java 웹 개발 신입/경력/PM의 전체 세부 정보,시큐어비즈,서울 중랑구,https://kr.indeed.com/rc/clk?jk=45b3d241e3f0ce1a&fccid=5f63f5e3dfd5fc9d&vjs=3
Senior React Native Developer: Long-term job - 100% remote,Proxify AB,Anywhere in the World,https://weworkremotely.com//remote-jobs/proxify-ab-senior-react-native-developer-long-term-job-100-remote
Senior Open Source Developer & DevOps (Python, Django, React, AWS/OpenStack),OpenCraft,Anywhere in the World,https://weworkremotely.com//remote-jobs/opencraft-senior-open-source-developer-devops-python-django-react-aws-openstack
Senior Developer - React, Node, AWS - Long-Term Contract ,Brevity Inc.,USA Only,https://weworkremotely.com//remote-jobs/brevity-inc-senior-developer-react-node-aws-long-term-contract
Senior React Developer - Remote,G2i Inc.,Americas Only/Europe Only,https://weworkremotely.com//remote-jobs/g2i-inc-senior-react-developer-remote
Fullstack Developer (React, React Native, Node.js) - Remote,G2i Inc.,Americas Only/Europe Only,https://weworkremotely.com//remote-jobs/g2i-inc-fullstack-developer-react-react-native-node-js-remote
Mid/Senior full stack product engineer (React and Rails),Carebit,North America Only/Latin America Only/Americas Only/Europe Only/UK Only/EMEA Only/Africa Only,https://weworkremotely.com//remote-jobs/carebit-mid-senior-full-stack-product-engineer-react-and-rails
Senior Mobile Developer (React Native),Kickserv,Anywhere in the World,https://weworkremotely.com//remote-jobs/kickserv-senior-mobile-developer-react-native
Senior React Developer,TempMee,Anywhere in the World,https://weworkremotely.com//remote-jobs/tempmee-senior-react-developer
ReactJS Web Developer - Remote/SaaS (m/f/d),SocialHub,Anywhere in the World,https://weworkremotely.com//remote-jobs/socialhub-reactjs-web-developer-remote-saas-m-f-d-1
Senior Frontend Developer (React/React Native) - Remote,G2i Inc.,Americas Only,https://weworkremotely.com//remote-jobs/g2i-inc-senior-frontend-developer-react-react-native-remote
Senior Software Engineer – RoR / React / Python,OnTheGoSystems,Europe Only/UK Only,https://weworkremotely.com//remote-jobs/onthegosystems-senior-software-engineer-ror-react-python
